{
  "hunger": 57.350000000000676,
  "thirst": 81.34999999999702,
  "fatigue": 44.39999999999996,
  "boredom": 0,
  "intimacy": 105,
  "capability": 37.0,
  "mood": 80.1
}